Date,Clock In,Clock Out,Break (min),Duration (min),Status,Location,,,,
1/4/21,9:10,18:10,60,480,holiday,AW,,,,
1/5/21,9:10,18:10,60,480,work,WFO,,,,
1/6/21,9:05,18:15,60,490,work,WFO,,,,
1/7/21,9:00,18:15,60,495,work,WFO,,,,
1/8/21,9:00,18:35,60,515,work,WFO,,,,
1/11/21,8:30,18:30,60,540,work,WFO,,,,
1/12/21,8:45,18:15,60,510,work,WFH,,,,
1/13/21,8:50,18:30,60,520,work,WFH,,,,
1/14/21,9:05,18:15,60,490,work,WFH,,,,
1/15/21,8:55,18:45,60,530,work,WFH,,,,
1/18/21,8:50,18:10,60,500,work,WFH,,,,
1/19/21,9:10,19:40,60,570,work,WFH,,,,
1/20/21,9:30,22:00,60,690,work,WFH,,,,
1/21/21,9:10,20:10,60,600,work,WFH,,,,
1/22/21,9:05,18:00,60,475,work,WFH,,,,
1/25/21,8:40,18:00,60,500,work,WFH,,,,
1/26/21,9:05,18:30,60,505,work,WFH,,,,
1/27/21,9:15,18:00,60,465,work,WFH,,,,
1/28/21,9:05,18:20,60,495,work,WFH,,,,
1/29/21,9:20,18:15,60,475,work,WFH,,,,
2/1/21,9:00,12:00,60,120,work,WFH,,,,
2/2/21,9:00,18:10,60,490,work,WFH,,,,
2/3/21,8:55,20:00,60,605,work,WFH,,,,
2/4/21,9:15,19:30,60,555,work,WFH,,,,
2/5/21,9:05,18:00,60,475,work,WFH,,,,
2/8/21,8:45,18:10,60,505,work,WFH,,,,
2/9/21,9:00,18:35,60,515,work,WFH,,,,
2/10/21,9:00,18:00,60,480,work,WFH,,,,
2/11/21,9:30,18:30,60,480,work,WFH,,,,
2/12/21,9:15,18:15,60,480,work,WFH,,,,
2/15/21,9:00,18:00,60,480,work,WFH,,,,
2/16/21,9:10,18:10,60,480,work,WFH,,,,
2/17/21,9:00,18:00,60,480,work,WFH,,,,
2/18/21,9:50,18:50,60,480,work,WFH,,,,
2/19/21,9:15,18:35,60,500,work,WFH,,,,
2/22/21,9:00,18:30,60,510,work,WFH,,,,
2/23/21,10:00,18:45,60,465,work,WFH,,,,
2/24/21,9:00,18:20,60,500,work,WFH,,,,
2/25/21,9:00,19:45,60,585,work,WFH,,,,
2/26/21,9:00,20:30,60,630,work,WFH,,,,
3/1/21,9:00,20:45,60,645,work,WFH,,,,
3/2/21,9:00,18:30,60,510,work,WFH,,,,
3/3/21,9:00,17:30,60,450,work,WFH,,,,
3/4/21,9:00,19:30,60,570,work,WFH,,,,
3/5/21,9:00,17:30,60,450,work,WFH,,,,
3/8/21,9:00,18:00,60,480,work,WFH,,,,
3/9/21,8:45,18:15,60,510,holiday,AW,,,,
3/10/21,8:45,0:00,60,855,work,WFH,,,,
3/11/21,9:00,15:30,60,330,work,WFH,,,,
3/12/21,9:00,15:30,60,330,work,WFH,,,,
3/15/21,9:00,18:00,60,480,work,WFH,,,,
3/16/21,9:00,17:30,60,450,work,WFH,,,,
3/17/21,11:00,18:00,60,360,work,WFH,,,,
3/18/21,9:00,18:00,60,480,work,WFH,,,,
3/19/21,9:00,17:00,60,420,work,WFH,,,,
3/22/21,9:00,18:00,60,480,work,WFH,,,,
3/23/21,9:00,18:00,60,480,work,WFH,,,,
3/24/21,9:00,21:00,60,660,work,WFH,,,,
3/25/21,9:00,21:00,60,660,work,WFH,,,,
3/26/21,9:00,18:00,60,480,work,WFH,,,,
3/29/21,9:00,20:00,60,600,work,WFH,,,,
3/30/21,9:00,20:00,60,600,work,WFH,,,,
3/31/21,9:00,20:00,60,600,work,WFH,,,,
4/1/21,9:30,17:30,60,420,work,WFH,,,,
4/2/21,9:00,18:00,60,480,work,WFH,,,,
4/5/21,9:00,18:00,60,480,holiday,AW,,,,
4/6/21,9:00,20:00,60,600,holiday,AW,,,,
4/7/21,9:00,17:30,60,450,work,WFH,,,,
4/8/21,9:30,18:00,60,450,work,WFH,,,,
4/9/21,9:30,17:00,60,390,work,WFH,,,,
4/12/21,9:00,18:00,60,480,work,WFH,,,,
4/13/21,9:30,17:00,60,390,work,WFH,,,,
4/14/21,9:30,18:00,60,450,work,WFH,,,,
4/15/21,9:00,18:30,60,510,work,WFH,,,,
4/16/21,9:00,18:00,60,480,work,WFH,,,,
4/19/21,8:15,18:15,60,540,work,WFH,,,,
4/20/21,8:15,18:30,60,555,work,WFH,,,,
4/21/21,8:15,18:00,60,525,work,WFH,,,,
4/22/21,8:30,18:30,60,540,work,WFH,,,,
4/23/21,8:30,18:00,60,510,work,WFH,,,,
4/26/21,8:30,19:00,60,570,work,WFH,,,,
4/27/21,8:30,19:15,60,585,work,WFH,,,,
4/28/21,8:00,18:00,60,540,work,WFH,,,,
4/29/21,8:15,17:30,60,495,work,WFH,,,,
4/30/21,8:30,17:00,60,450,work,WFH,,,,
5/3/21,9:15,18:30,60,495,work,WFH,,,,
5/4/21,8:30,18:30,60,540,work,WFH,,,,
5/5/21,9:00,17:30,60,450,work,WFH,,,,
5/6/21,8:30,18:00,60,510,work,WFH,,,,
5/7/21,8:30,17:00,60,450,work,WFH,,,,
5/10/21,8:30,18:00,60,510,work,WFH,,,,
5/11/21,8:30,18:00,60,510,work,WFH,,,,
5/12/21,8:30,17:00,60,450,work,WFH,,,,
5/13/21,9:00,18:00,60,480,work,WFH,,,,
5/14/21,9:30,18:00,60,450,holiday,AW,,,,
5/17/21,9:00,19:00,60,540,work,WFH,,,,
5/18/21,9:00,19:00,60,540,work,WFH,,,,
5/19/21,9:00,19:00,60,540,work,WFH,,,,
5/20/21,9:30,18:00,60,450,work,WFH,,,,
5/21/21,9:30,17:00,60,390,work,WFH,,,,
5/24/21,9:00,18:00,60,480,work,WFH,,,,
5/25/21,9:00,18:30,60,510,holiday,AW,,,,
5/26/21,9:00,19:00,60,540,work,WFH,,,,
5/27/21,9:00,16:00,60,360,work,WFH,,,,
5/28/21,9:00,17:45,60,465,work,WFH,,,,
5/31/21,12:00,18:00,60,300,work,WFH,,,,
6/1/21,9:00,18:30,60,510,work,WFH,,,,
6/2/21,9:00,18:30,60,510,work,WFH,,,,
6/3/21,9:00,18:00,60,480,work,WFH,,,,
6/4/21,9:00,18:00,60,480,work,WFH,,,,
6/7/21,9:00,17:00,60,420,work,WFH,,,,
6/8/21,9:00,17:30,60,450,work,WFH,,,,
6/9/21,9:00,13:00,60,180,work,WFH,,,,
6/10/21,9:00,19:00,60,540,work,WFH,,,,
6/11/21,9:00,18:00,60,480,work,WFH,,,,
6/14/21,9:00,18:00,60,480,work,WFH,,,,
6/15/21,9:00,19:30,60,570,work,WFH,,,,
6/16/21,9:00,19:30,60,570,work,WFH,,,,
6/17/21,9:00,18:15,60,495,work,WFH,,,,
6/18/21,9:30,18:00,60,450,work,WFH,,,,
6/21/21,7:45,15:00,60,375,work,WFH,,,,
6/22/21,8:00,18:00,60,540,work,WFH,,,,
6/23/21,8:00,18:00,60,540,work,WFH,,,,
6/24/21,8:45,18:00,60,495,work,WFH,,,,
6/25/21,8:45,17:00,60,435,work,WFH,,,,
6/28/21,8:45,18:00,60,495,work,WFH,,,,
6/29/21,9:00,16:00,60,360,work,WFH,,,,
6/30/21,8:45,18:00,60,495,work,WFH,,,,
7/1/21,9:30,16:45,60,375,work,WFH,,,,
7/2/21,8:45,18:00,60,495,work,WFH,,,,
7/5/21,8:45,18:00,60,495,work,WFH,,,,
7/6/21,10:15,19:30,60,495,work,WFH,,,,
7/7/21,8:45,18:00,60,495,work,WFH,,,,
7/8/21,8:45,15:00,60,315,work,WFH,,,,
7/9/21,9:00,18:00,60,480,work,WFH,,,,
7/12/21,8:45,20:00,60,615,sick,AW,,,,
7/13/21,8:45,0:30,60,885,work,WFH,,,,
7/14/21,8:45,20:00,60,615,work,WFH,,,,
7/15/21,8:45,17:00,60,435,work,WFH,,,,
7/16/21,9:00,18:00,60,480,work,WFH,,,,
7/19/21,8:45,15:00,60,315,holiday,AW,,,,
7/20/21,7:45,20:00,60,675,work,WFH,,,,
7/21/21,7:45,21:30,60,765,work,WFH,,,,
7/22/21,8:45,13:00,60,195,work,WFH,,,,
7/23/21,9:00,18:00,60,480,work,WFH,,,,
7/26/21,9:30,20:00,60,570,holiday,AW,,,,
7/27/21,9:30,20:30,60,600,work,WFH,,,,
7/28/21,9:30,17:00,60,390,work,WFH,,,,
7/29/21,8:45,15:00,60,315,work,WFH,,,,
7/30/21,9:00,18:00,60,480,work,WFH,,,,
8/2/21,7:45,21:00,60,735,sick,AW,,,,
8/3/21,9:15,18:15,60,480,work,WFH,,,,
8/4/21,8:00,20:00,60,660,work,WFO,,,,
8/5/21,9:00,16:30,60,390,work,WFH,,,,
8/6/21,8:30,15:00,60,330,work,WFH,,,,
8/9/21,8:45,18:15,60,510,work,WFH,,,,
8/10/21,8:30,18:00,60,510,work,WFH,,,,
8/11/21,8:30,20:00,60,630,work,WFH,,,,
8/12/21,8:30,18:15,60,525,work,WFH,,,,
8/13/21,8:30,18:30,60,540,work,WFH,,,,
8/16/21,8:45,18:15,60,510,work,WFH,,,,
8/17/21,8:30,16:00,60,390,work,WFH,,,,
8/18/21,9:00,19:00,60,540,work,WFH,,,,
8/19/21,9:00,17:00,60,420,work,WFH,,,,
8/20/21,8:30,19:00,60,570,work,WFH,,,,
8/23/21,8:30,18:00,60,510,work,WFH,,,,
8/24/21,9:00,18:15,60,495,work,WFH,,,,
8/25/21,8:30,18:30,60,540,work,WFH,,,,
8/26/21,8:45,19:00,60,555,work,WFH,,,,
8/27/21,8:30,18:00,60,510,work,WFH,,,,
8/30/21,9:00,18:00,60,480,work,WFH,,,,
8/31/21,9:00,18:00,60,480,vacation,AW,,,,
9/1/21,9:00,18:00,60,480,vacation,AW,,,,
9/2/21,9:00,18:00,60,480,vacation,AW,,,,
9/3/21,9:00,18:00,60,480,vacation,AW,,,,
9/6/21,9:00,18:00,60,480,vacation,AW,,,,
9/7/21,9:00,18:00,60,480,vacation,AW,,,,
9/8/21,9:00,18:00,60,480,vacation,AW,,,,
9/9/21,9:00,18:00,60,480,vacation,AW,,,,
9/10/21,9:00,18:00,60,480,vacation,AW,,,,
9/13/21,9:00,18:00,60,480,vacation,AW,,,,
9/14/21,9:00,18:00,60,480,vacation,AW,,,,
9/15/21,9:00,18:00,60,480,vacation,AW,,,,
9/16/21,9:00,18:00,60,480,vacation,AW,,,,
9/17/21,9:00,18:30,60,510,vacation,AW,,,,
9/20/21,8:45,20:15,60,630,work,WFH,,,,
9/21/21,9:00,19:00,60,540,work,WFH,,,,
9/22/21,8:00,20:00,60,660,work,WFO,,,,
9/23/21,9:00,18:00,60,480,work,WFH,,,,
9/24/21,9:00,18:00,60,480,work,WFH,,,,
9/27/21,9:00,18:00,60,480,work,WFO,,,,
9/28/21,9:00,18:00,60,480,work,WFH,,,,
9/29/21,9:00,18:00,60,480,work,WFH,,,,
9/30/21,9:00,18:00,60,480,work,WFO,,,,
10/1/21,9:00,18:00,60,480,work,WFH,,,,
10/4/21,9:00,18:00,60,480,work,WFH,,,,
10/5/21,9:00,18:00,60,480,work,WFH,,,,
10/6/21,9:00,18:30,60,510,work,WFH,,,,
10/7/21,9:00,19:00,60,540,work,WFO,,,,
10/8/21,9:00,18:00,60,480,work,WFH,,,,
10/11/21,8:00,18:00,60,540,work,WFH,,,,
10/12/21,9:00,17:00,60,420,work,WFH,,,,
10/13/21,8:45,18:30,60,525,work,WFO,,,,
10/14/21,9:00,18:00,60,480,work,WFH,,,,
10/15/21,9:00,18:00,60,480,work,WFH,,,,
10/18/21,8:45,22:00,60,735,work,WFH,,,,
10/19/21,9:00,20:00,60,600,work,WFH,,,,
10/20/21,9:00,20:00,60,600,work,WFH,,,,
10/21/21,7:30,17:00,60,510,work,WFO,,,,
10/22/21,9:00,18:30,60,510,work,WFH,,,,
10/25/21,8:45,18:15,60,510,work,WFH,,,,
10/26/21,8:45,18:30,60,525,work,WFH,,,,
10/27/21,9:30,19:30,60,540,work,WFH,,,,
10/28/21,8:30,18:00,60,510,work,WFO,,,,
10/29/21,8:45,18:00,60,495,work,WFH,,,,
11/1/21,8:45,18:15,60,510,work,WFH,,,,
11/2/21,8:30,19:00,60,570,work,WFH,,,,
11/3/21,9:00,18:30,60,510,work,WFH,,,,
11/4/21,8:30,18:30,60,540,work,WFO,,,,
11/5/21,8:30,18:30,60,540,work,WFH,,,,
11/8/21,8:45,18:15,60,510,work,WFH,,,,
11/9/21,9:00,20:00,60,600,work,WFH,,,,
11/10/21,9:00,20:00,60,600,work,WFH,,,,
11/11/21,8:15,19:15,60,600,work,WFO,,,,
11/12/21,8:45,19:15,60,570,work,WFH,,,,
11/15/21,9:00,18:00,60,480,work,WFH,,,,
11/16/21,9:00,18:00,60,480,vacation,AW,,,,
11/17/21,9:00,18:00,60,480,vacation,AW,,,,
11/18/21,9:00,18:00,60,480,vacation,AW,,,,
11/19/21,9:00,18:00,60,480,vacation,AW,,,,
11/22/21,9:00,18:00,60,480,vacation,AW,,,,
11/23/21,9:00,18:00,60,480,vacation,AW,,,,
11/24/21,8:00,19:30,60,630,vacation,AW,,,,
11/25/21,8:45,19:30,60,585,work,WFH,,,,
11/26/21,8:45,19:00,60,555,work,WFH,,,,
11/29/21,8:00,18:00,60,540,work,WFH,,,,
11/30/21,8:45,18:00,60,495,work,WFH,,,,
12/1/21,9:00,19:00,60,540,work,WFH,,,,
12/2/21,8:30,19:15,60,585,work,WFH,,,,
12/3/21,8:15,19:00,60,585,work,WFH,,,,
12/6/21,8:30,18:30,60,540,work,WFH,,,,
12/7/21,8:45,19:00,60,555,work,WFH,,,,
12/8/21,8:30,21:00,60,690,work,WFH,,,,
12/9/21,8:45,20:00,60,615,work,WFH,,,,
12/10/21,9:00,19:30,60,570,work,WFH,,,,
12/13/21,8:45,20:15,60,630,work,WFH,,,,
12/14/21,9:00,19:45,60,585,work,WFH,,,,
12/15/21,8:15,18:15,60,540,work,WFH,,,,
12/16/21,8:30,19:30,60,600,work,WFH,,,,
12/17/21,8:45,17:00,60,435,work,WFH,,,,
12/20/21,8:45,21:30,60,705,work,WFH,,,,
12/21/21,9:00,18:00,60,480,work,WFH,,,,
12/22/21,9:00,18:00,60,480,work,WFH,,,,
12/23/21,9:00,16:00,60,360,work,WFH,,,,
12/24/21,8:30,20:30,60,660,work,WFH,,,,
12/27/21,9:00,18:00,60,480,work,WFH,,,,
12/28/21,9:00,18:00,60,480,work,WFH,,,,
12/29/21,9:00,18:00,60,480,work,WFH,,,,
12/30/21,10:30,15:15,60,225,work,WFH,,,,
12/31/21,8:30,14:00,60,270,work,WFH,,,,
1/3/22,8:45,18:00,60,495,work,WFH,,,,
1/4/22,8:45,18:00,60,495,work,WFH,,,,
1/5/22,8:30,19:00,60,570,work,WFH,,,,
1/6/22,9:00,19:00,60,540,work,WFH,,,,
1/7/22,9:30,18:30,60,480,work,WFH,,,,
1/10/22,8:45,20:00,60,615,work,WFH,,,,
1/11/22,8:45,18:00,60,495,work,WFH,,,,
1/12/22,8:30,18:00,60,510,work,WFH,,,,
1/13/22,12:00,18:00,60,300,work,WFH,,,,
1/14/22,9:00,18:00,60,480,work,WFH,,,,
1/17/22,8:15,18:15,60,540,sick,AW,,,,
1/18/22,9:00,19:00,60,540,work,WFH,,,,
1/19/22,9:00,19:30,60,570,work,WFH,,,,
1/20/22,8:30,18:15,60,525,work,WFH,,,,
1/21/22,8:45,18:15,60,510,work,WFH,,,,
1/24/22,9:15,18:15,60,480,work,WFH,,,,
1/25/22,9:00,18:00,60,480,work,WFH,,,,
1/26/22,9:00,18:00,60,480,vacation,AW,,,,
1/27/22,9:00,18:00,60,480,vacation,AW,,,,
1/28/22,9:00,18:00,60,480,vacation,AW,,,,
1/31/22,9:00,18:00,60,480,vacation,AW,,,,
2/1/22,8:30,20:00,60,630,vacation,AW,,,,
2/2/22,7:30,20:30,60,720,work,WFH,,,,
2/3/22,8:30,19:30,60,600,work,WFH,,,,
2/4/22,8:30,19:00,60,570,work,WFH,,,,
2/7/22,8:00,21:00,60,720,work,WFH,,,,
2/8/22,8:00,20:00,60,660,work,WFH,,,,
2/9/22,8:00,20:00,60,660,work,WFH,,,,
2/10/22,8:00,20:00,60,660,work,WFH,,,,
2/11/22,8:00,18:00,60,540,work,WFH,,,,
2/14/22,7:30,18:00,60,570,work,WFH,,,,
2/15/22,7:00,19:00,60,660,work,WFH,,,,
2/16/22,8:00,20:30,60,690,work,WFH,,,,
2/17/22,8:00,20:00,60,660,work,WFH,,,,
2/18/22,8:00,0:00,60,900,work,WFH,,,,
2/21/22,8:00,18:30,60,570,work,WFH,,,,
2/22/22,8:30,18:30,60,540,work,WFH,,,,
2/23/22,8:00,0:00,60,900,work,WFH,,,,
2/24/22,8:30,20:30,60,660,work,WFH,,,,
2/25/22,8:30,18:00,60,510,work,WFH,,,,
2/28/22,9:00,18:00,60,480,work,WFH,,,,
3/1/22,8:00,17:00,60,480,work,WFH,,,,
3/2/22,8:30,17:30,60,480,work,WFH,,,,
3/3/22,8:30,17:30,60,480,work,WFH,,,,
3/4/22,8:30,18:00,60,510,work,WFH,,,,
3/7/22,9:00,18:00,60,480,work,WFH,,,,
3/8/22,9:00,18:00,60,480,vacation,AW,,,,
3/9/22,8:30,18:00,60,510,holiday,AW,,,,
3/10/22,9:00,18:00,60,480,work,WFO,,,,
3/11/22,8:30,18:00,60,510,work,WFH,,,,
3/14/22,9:00,18:00,60,480,work,WFO,,,,
3/15/22,8:00,18:00,60,540,sick,AW,,,,
3/16/22,9:00,18:00,60,480,work,WFH,,,,
3/17/22,9:00,18:00,60,480,work,WFH,,,,
3/18/22,9:00,18:00,60,480,work,WFH,,,,
3/21/22,8:45,18:00,60,495,work,WFH,,,,
3/22/22,9:00,18:00,60,480,work,WFH,,,,
3/23/22,9:00,19:30,60,570,work,WFH,,,,
3/24/22,8:30,18:00,60,510,work,WFH,,,,
3/25/22,9:00,18:00,60,480,work,WFH,,,,
3/28/22,9:00,18:00,60,480,vacation,AW,,,,
3/29/22,9:00,18:30,60,510,work,WFH,,,,
3/30/22,9:00,18:00,60,480,work,WFO,,,,
3/31/22,9:00,18:00,60,480,work,WFH,,,,
4/1/22,9:00,18:00,60,480,work,WFH,,,,
4/4/22,8:30,18:30,60,540,work,WFH,,,,
4/5/22,8:30,18:00,60,510,work,WFH,,,,
4/6/22,8:00,18:00,60,540,work,WFH,,,,
4/7/22,8:30,18:00,60,510,work,WFH,,,,
4/8/22,8:30,18:00,60,510,work,WFH,,,,
4/11/22,8:00,16:30,60,450,work,WFH,,,,
4/12/22,8:00,18:00,60,540,work,WFH,,,,
4/13/22,8:45,18:00,60,495,work,WFH,,,,
4/14/22,9:00,18:00,60,480,work,WFH,,,,
4/15/22,9:00,18:00,60,480,work,WFH,,,,
4/18/22,9:00,18:00,60,480,holiday,AW,,,,
4/19/22,8:00,15:00,60,360,holiday,AW,,,,
4/20/22,8:00,18:00,60,540,work,WFH,,,,
4/21/22,8:30,18:00,60,510,work,WFH,,,,
4/22/22,9:00,18:00,60,480,work,WFH,,,,
4/25/22,8:30,18:00,60,510,work,WFH,,,,
4/26/22,8:00,16:00,60,420,work,WFH,,,,
4/27/22,8:00,18:00,60,540,work,WFH,,,,
4/28/22,8:30,18:00,60,510,work,WFH,,,,
4/29/22,8:00,18:00,60,540,work,WFH,,,,
5/2/22,9:00,18:00,60,480,work,WFH,,,,
5/3/22,9:00,18:00,60,480,vacation,AW,,,,
5/4/22,9:00,18:00,60,480,vacation,AW,,,,
5/5/22,9:00,18:00,60,480,vacation,AW,,,,
5/6/22,9:00,18:00,60,480,vacation,AW,,,,
5/9/22,9:00,18:00,60,480,vacation,AW,,,,
5/10/22,9:00,18:00,60,480,vacation,AW,,,,
5/11/22,9:00,18:00,60,480,vacation,AW,,,,
5/12/22,9:00,18:00,60,480,vacation,AW,,,,
5/13/22,9:00,18:00,60,480,vacation,AW,,,,
5/16/22,9:00,18:00,60,480,vacation,AW,,,,
5/17/22,9:00,18:00,60,480,vacation,AW,,,,
5/18/22,9:00,18:00,60,480,vacation,AW,,,,
5/19/22,9:00,18:00,60,480,vacation,AW,,,,
5/20/22,9:00,18:00,60,480,vacation,AW,,,,
5/23/22,9:00,20:00,60,600,vacation,AW,,,,
5/24/22,8:00,18:00,60,540,work,WFH,,,,
5/25/22,8:15,18:00,60,525,work,WFH,,,,
5/26/22,9:00,18:00,60,480,work,WFO,,,,
5/27/22,8:30,18:00,60,510,holiday,AW,,,,
5/30/22,8:30,18:15,60,525,work,WFO,,,,
5/31/22,8:30,18:30,60,540,work,WFH,,,,
6/1/22,7:30,21:30,60,780,work,WFH,,,,
6/2/22,8:30,18:30,60,540,work,WFO,,,,
6/3/22,9:00,18:00,60,480,work,WFO,,,,
6/6/22,9:00,18:00,60,480,work,WFH,,,,
6/7/22,8:30,18:00,60,510,holiday,AW,,,,
6/8/22,12:00,18:00,60,300,work,WFH,,,,
6/9/22,8:30,18:00,60,510,work,WFO,,,,
6/10/22,9:00,18:00,60,480,work,WFH,,,,
6/13/22,8:30,18:00,60,510,work,WFH,,,,
6/14/22,8:30,18:00,60,510,work,WFH,,,,
6/15/22,8:30,18:30,60,540,work,WFH,,,,
6/16/22,8:30,18:00,60,510,work,WFH,,,,
6/17/22,9:00,18:00,60,480,work,WFH,,,,
6/20/22,8:30,18:00,60,510,work,WFH,,,,
6/21/22,9:00,18:00,60,480,work,WFO,,,,
6/22/22,8:30,21:00,60,690,work,WFH,,,,
6/23/22,9:00,20:00,60,600,work,WFO,,,,
6/24/22,8:30,19:30,60,600,work,WFH,,,,
6/27/22,8:30,18:30,60,540,work,WFH,,,,
6/28/22,8:30,20:00,60,630,work,WFH,,,,
6/29/22,8:30,18:00,60,510,work,WFH,,,,
6/30/22,9:30,19:30,60,540,work,WFH,,,,
7/1/22,9:00,18:00,60,480,work,WFO,,,,
7/4/22,8:30,19:30,60,600,work,WFH,,,,
7/5/22,9:00,18:00,60,480,work,WFH,,,,
7/6/22,8:30,17:30,60,480,work,WFO,,,,
7/7/22,9:00,19:30,60,570,work,WFH,,,,
7/8/22,8:00,17:00,60,480,work,WFO,,,,
7/11/22,8:00,18:00,60,540,work,WFH,,,,
7/12/22,8:45,18:00,60,495,work,WFH,,,,
7/13/22,8:45,18:00,60,495,work,WFO,,,,
7/14/22,8:30,18:00,60,510,work,WFO,,,,
7/15/22,7:00,20:00,60,720,work,WFH,,,,
7/18/22,8:30,18:00,60,510,work,WFH,,,,
7/19/22,9:00,19:00,60,540,work,WFO,,,,
7/20/22,8:00,23:00,60,840,work,WFO,,,,
7/21/22,7:30,18:00,60,570,work,WFO,,,,
7/22/22,8:30,17:30,60,480,work,WFH,,,,
7/25/22,7:30,18:30,60,600,work,WFO,,,,
7/26/22,8:00,18:30,60,570,work,WFH,,,,
7/27/22,8:30,19:30,60,600,work,WFH,,,,
7/28/22,8:00,19:30,60,630,work,WFO,,,,
7/29/22,8:30,17:30,60,480,work,WFH,,,,
8/1/22,8:30,18:45,60,555,work,WFO,,,,
8/2/22,7:45,18:00,60,555,work,WFH,,,,
8/3/22,9:00,18:00,60,480,work,WFH,,,,
8/4/22,9:00,22:00,60,720,sick,AW,,,,
8/5/22,8:00,18:00,60,540,work,WFH,,,,
8/8/22,9:00,18:00,60,480,work,WFH,,,,
8/9/22,8:00,18:00,60,540,work,WFH,,,,
8/10/22,8:30,18:00,60,510,work,WFH,,,,
8/11/22,8:45,18:30,60,525,work,WFO,,,,
8/12/22,8:30,17:00,60,450,work,WFO,,,,
8/15/22,8:45,18:00,60,495,work,WFO,,,,
8/16/22,8:30,18:00,60,510,work,WFO,,,,
8/17/22,8:30,18:30,60,540,work,WFH,,,,
8/18/22,8:00,18:00,60,540,work,WFO,,,,
8/19/22,8:00,17:00,60,480,work,WFH,,,,
8/22/22,9:00,18:15,60,495,work,WFO,,,,
8/23/22,8:45,19:00,60,555,work,WFO,,,,
8/24/22,8:30,18:30,60,540,work,WFO,,,,
8/25/22,9:00,18:00,60,480,work,WFO,,,,
8/26/22,7:30,17:30,60,540,work,WFO,,,,
8/29/22,9:00,20:00,60,600,work,WFO,,,,
8/30/22,8:30,21:00,60,690,work,WFH,,,,
8/31/22,9:00,18:00,60,480,work,WFH,,,,
9/1/22,9:00,18:00,60,480,work,WFO,,,,
9/2/22,9:00,18:00,60,480,work,WFO,,,,
9/5/22,8:30,20:30,60,660,work,WFO,,,,
9/6/22,8:30,19:30,60,600,work,WFH,,,,
9/7/22,9:00,20:00,60,600,work,WFH,,,,
9/8/22,8:30,18:00,60,510,work,WFO,,,,
9/9/22,8:00,18:00,60,540,work,WFO,,,,
9/12/22,8:30,21:00,60,690,work,WFO,,,,
9/13/22,8:30,18:30,60,540,work,WFH,,,,
9/14/22,8:30,18:00,60,510,work,WFH,,,,
9/15/22,9:00,18:00,60,480,work,WFO,,,,
9/16/22,8:00,15:00,60,360,work,WFO,,,,
9/19/22,9:00,18:00,60,480,work,WFH,,,,
9/20/22,7:00,18:30,60,630,vacation,AW,,,,
9/21/22,8:00,18:30,60,570,work,WFH,,,,
9/22/22,8:00,18:15,60,555,work,WFH,,,,
9/23/22,8:30,19:00,60,570,work,WFH,,,,
9/26/22,8:00,17:00,60,480,work,WFH,,,,
9/27/22,8:00,18:00,60,540,work,WFH,,,,
9/28/22,9:00,18:00,60,480,work,WFH,,,,
9/29/22,8:30,18:00,60,510,work,WFO,,,,
9/30/22,7:30,16:45,60,495,work,WFH,,,,
10/3/22,9:00,18:00,60,480,work,WFH,,,,
10/4/22,8:30,18:00,60,510,holiday,AW,,,,
10/5/22,9:00,18:00,60,480,work,WFH,,,,
10/6/22,9:00,18:00,60,480,work,WFO,,,,
10/7/22,8:30,18:00,60,510,work,WFO,,,,
10/10/22,7:45,19:00,60,615,work,WFH,,,,
10/11/22,7:30,18:00,60,570,work,WFH,,,,
10/12/22,9:15,18:30,60,495,work,WFH,,,,
10/13/22,8:45,18:00,60,495,work,WFO,,,,
10/14/22,8:30,17:00,60,450,work,WFO,,,,
10/17/22,8:00,18:00,60,540,work,WFH,,,,
10/18/22,8:00,18:00,60,540,work,WFH,,,,
10/19/22,7:30,17:00,60,510,work,WFH,,,,
10/20/22,9:00,18:00,60,480,work,WFO,,,,
10/21/22,8:00,17:30,60,510,work,WFO,,,,
10/24/22,9:30,18:30,60,480,work,WFH,,,,
10/25/22,8:30,18:00,60,510,work,WFO,,,,
10/26/22,8:30,18:00,60,510,work,WFH,,,,
10/27/22,9:00,18:00,60,480,work,WFO,,,,
10/28/22,7:30,17:30,60,540,work,WFO,,,,
10/31/22,7:30,17:00,60,510,work,WFH,,,,
11/1/22,9:00,18:00,60,480,work,WFH,,,,
11/2/22,9:00,18:00,60,480,work,WFO,,,,
11/3/22,9:00,18:00,60,480,work,WFO,,,,
11/4/22,7:30,16:30,60,480,work,WFO,,,,
11/7/22,7:30,21:00,60,750,work,WFH,,,,
11/8/22,8:00,18:00,60,540,work,WFH,,,,
11/9/22,9:00,18:00,60,480,work,WFH,,,,
11/10/22,8:00,18:00,60,540,work,WFO,,,,
11/11/22,9:00,18:00,60,480,work,WFO,,,,
11/14/22,9:00,18:00,60,480,vacation,AW,,,,
11/15/22,8:45,19:30,60,585,vacation,AW,,,,
11/16/22,8:45,18:00,60,495,work,WFO,,,,
11/17/22,8:00,18:00,60,540,work,WFO,,,,
11/18/22,8:45,18:00,60,495,work,WFH,,,,
11/21/22,7:30,19:00,60,630,work,WFH,,,,
11/22/22,8:00,0:00,60,900,work,WFH,,,,
11/23/22,9:00,19:30,60,570,work,WFH,,,,
11/24/22,9:00,18:00,60,480,work,WFO,,,,
11/25/22,8:00,19:00,60,600,work,WFO,,,,
11/28/22,8:30,18:00,60,510,work,WFH,,,,
11/29/22,7:45,18:30,60,585,work,WFH,,,,
11/30/22,9:00,19:00,60,540,work,WFH,,,,
12/1/22,9:00,18:00,60,480,work,WFO,,,,
12/2/22,8:00,17:30,60,510,work,WFO,,,,
12/5/22,7:00,18:00,60,600,work,WFH,,,,
12/6/22,7:00,18:30,60,630,work,WFH,,,,
12/7/22,7:45,18:00,60,555,work,WFH,,,,
12/8/22,8:45,18:00,60,495,work,WFO,,,,
12/9/22,8:00,18:00,60,540,work,WFO,,,,
12/12/22,7:00,23:30,60,930,work,WFH,,,,
12/13/22,8:30,19:30,60,600,work,WFH,,,,
12/14/22,8:30,18:30,60,540,work,WFH,,,,
12/15/22,9:00,18:00,60,480,work,WFO,,,,
12/16/22,8:15,18:00,60,525,work,WFO,,,,
12/19/22,8:30,19:15,60,585,work,WFO,,,,
12/20/22,8:00,18:00,60,540,work,WFH,,,,
12/21/22,8:30,18:30,60,540,work,WFO,,,,
12/22/22,8:30,18:00,60,510,work,WFO,,,,
12/23/22,9:00,18:00,60,480,work,WFO,,,,
12/26/22,9:00,18:00,60,480,vacation,AW,,,,
12/27/22,9:00,18:00,60,480,holiday,AW,,,,
12/28/22,9:00,18:00,60,480,vacation,AW,,,,
12/29/22,9:00,18:00,60,480,vacation,AW,,,,
12/30/22,9:00,18:00,60,480,vacation,AW,,,,
1/2/23,9:00,18:00,60,480,vacation,AW,,,,
1/3/23,9:00,18:00,60,480,vacation,AW,,,,
1/4/23,9:00,18:00,60,480,vacation,AW,,,,
1/5/23,9:00,18:00,60,480,vacation,AW,,,,
1/6/23,9:00,18:00,60,480,vacation,AW,,,,
1/9/23,7:30,18:30,60,600,vacation,AW,,,,
1/10/23,7:30,19:30,60,660,work,WFH,,,,
1/11/23,7:30,18:00,60,570,work,WFH,,,,
1/12/23,8:30,18:00,60,510,work,WFO,,,,
1/13/23,8:30,18:00,60,510,work,WFO,,,,
1/16/23,8:00,18:30,60,570,work,WFH,,,,
1/17/23,8:00,18:30,60,570,work,WFH,,,,
1/18/23,8:30,18:15,60,525,work,WFH,,,,
1/19/23,8:00,18:00,60,540,work,WFO,,,,
1/20/23,7:30,21:15,60,765,work,WFO,,,,
1/23/23,8:00,20:30,60,690,work,WFH,,,,
1/24/23,7:00,19:00,60,660,work,WFH,,,,
1/25/23,8:00,19:00,60,600,work,WFH,,,,
1/26/23,8:00,18:00,60,540,work,WFO,,,,
1/27/23,8:00,17:00,60,480,work,WFO,,,,
1/30/23,7:30,18:30,60,600,work,WFH,,,,
1/31/23,8:00,18:00,60,540,work,WFH,,,,
2/1/23,8:00,17:30,60,510,work,WFH,,,,
2/2/23,8:00,18:00,60,540,work,WFO,,,,
2/3/23,8:00,17:00,60,480,work,WFO,,,,
2/6/23,8:00,18:00,60,540,work,WFH,,,,
2/7/23,8:00,22:00,60,780,work,WFH,,,,
2/8/23,7:00,18:00,60,600,work,WFH,,,,
2/9/23,8:00,18:00,60,540,work,WFO,,,,
2/10/23,8:00,19:30,60,630,work,WFO,,,,
2/13/23,8:00,18:00,60,540,work,WFH,,,,
2/14/23,8:00,19:30,60,630,work,WFO,,,,
2/15/23,8:00,17:30,60,510,work,WFH,,,,
2/16/23,8:00,18:00,60,540,work,WFO,,,,
2/17/23,8:00,23:00,60,840,work,WFO,,,,
2/20/23,8:00,20:00,60,660,work,WFH,,,,
2/21/23,8:00,20:00,60,660,work,WFH,,,,
2/22/23,7:30,19:00,60,630,work,WFH,,,,
2/23/23,8:00,18:00,60,540,work,WFH,,,,
2/24/23,9:00,18:00,60,480,work,WFH,,,,
2/27/23,7:30,18:00,60,570,work,WFH,,,,
2/28/23,8:30,18:00,60,510,work,WFH,,,,
3/1/23,9:00,18:00,60,480,work,WFO,,,,
3/2/23,7:00,18:00,60,600,work,WFO,,,,
3/3/23,7:30,18:00,60,570,work,WFO,,,,
3/6/23,7:45,19:00,60,615,work,WFH,,,,
3/7/23,8:00,19:00,60,600,work,WFH,,,,
3/8/23,9:00,18:00,60,480,work,WFH,,,,
3/9/23,9:00,21:00,60,660,holiday,AW,,,,
3/10/23,8:30,19:00,60,570,work,WFO,,,,
3/13/23,7:00,18:30,60,630,work,WFH,,,,
3/14/23,8:00,18:00,60,540,work,WFO,,,,
3/15/23,8:00,18:00,60,540,work,WFH,,,,
3/16/23,8:00,18:30,60,570,work,WFO,,,,
3/17/23,8:00,14:00,60,300,work,WFO,,,,
3/20/23,8:00,18:00,60,540,work,WFH,,,,
3/21/23,8:00,18:30,60,570,work,WFH,,,,
3/22/23,8:00,18:00,60,540,work,WFH,,,,
3/23/23,8:00,18:00,60,540,work,WFH,,,,
3/24/23,8:00,17:00,60,480,work,WFH,,,,
3/27/23,8:00,19:00,60,600,work,WFH,,,,
3/28/23,8:00,18:00,60,540,work,WFH,,,,
3/29/23,8:00,20:00,60,660,work,WFH,,,,
3/30/23,8:00,18:00,60,540,work,WFH,,,,
3/31/23,8:00,18:00,60,540,work,WFH,,,,
4/3/23,8:00,21:00,60,720,work,WFH,,,,
4/4/23,8:00,19:00,60,600,work,WFH,,,,
4/5/23,8:00,19:00,60,600,work,WFH,,,,
4/6/23,8:00,18:00,60,540,work,WFH,,,,
4/7/23,9:00,18:00,60,480,work,WFH,,,,
4/10/23,9:00,18:00,60,480,holiday,AW,,,,
4/11/23,8:00,18:00,60,540,holiday,AW,,,,
4/12/23,8:00,18:00,60,540,work,WFH,,,,
4/13/23,8:00,18:00,60,540,work,WFO,,,,
4/14/23,8:00,18:00,60,540,work,WFO,,,,
4/17/23,8:00,20:45,60,705,work,WFO,,,,
4/18/23,8:00,19:00,60,600,work,WFO,,,,
4/19/23,8:00,19:00,60,600,work,WFH,,,,
4/20/23,8:00,18:00,60,540,work,WFO,,,,
4/21/23,8:00,19:00,60,600,work,WFO,,,,
4/24/23,8:00,18:00,60,540,work,WFO,,,,
4/25/23,8:00,18:00,60,540,work,WFH,,,,
4/26/23,8:00,18:00,60,540,work,WFO,,,,
4/27/23,8:00,18:00,60,540,work,WFO,,,,
4/28/23,8:00,18:00,60,540,work,WFO,,,,
5/1/23,9:00,18:00,60,480,work,WFH,,,,
5/2/23,8:00,18:00,60,540,holiday,AW,,,,
5/3/23,8:00,18:00,60,540,work,WFO,,,,
5/4/23,8:00,18:00,60,540,work,WFO,,,,
5/5/23,8:00,17:00,60,480,work,WFO,,,,
5/8/23,8:00,18:00,60,540,work,WFH,,,,
5/9/23,8:00,18:00,60,540,work,WFH,,,,
5/10/23,7:00,18:00,60,600,work,WFO,,,,
5/11/23,8:00,18:00,60,540,work,WFO,,,,
5/12/23,8:00,17:00,60,480,work,WFO,,,,
5/15/23,8:00,19:30,60,630,work,WFH,,,,
5/16/23,8:00,18:00,60,540,work,WFH,,,,
5/17/23,8:00,18:00,60,540,work,WFH,,,,
5/18/23,9:00,18:00,60,480,work,WFO,,,,
5/19/23,8:00,17:00,60,480,holiday,AW,,,,
5/22/23,8:00,23:00,60,840,work,WFH,,,,
5/23/23,8:00,20:00,60,660,work,WFH,,,,
5/24/23,8:00,18:00,60,540,work,WFH,,,,
5/25/23,8:00,18:00,60,540,work,WFH,,,,
5/26/23,8:00,17:00,60,480,work,WFH,,,,
5/29/23,9:00,18:00,60,480,work,WFH,,,,
5/30/23,8:00,21:00,60,720,holiday,AW,,,,
5/31/23,8:00,18:00,60,540,work,WFO,,,,
6/1/23,8:00,18:00,60,540,work,WFO,,,,
6/2/23,8:00,17:00,60,480,work,WFO,,,,
6/5/23,6:00,19:00,60,720,work,WFH,,,,
6/6/23,8:00,18:30,60,570,work,WFH,,,,
6/7/23,8:00,19:30,60,630,work,WFH,,,,
6/8/23,8:00,18:00,60,540,work,WFH,,,,
6/9/23,8:00,17:30,60,510,work,WFO,,,,
6/12/23,8:00,18:30,60,570,work,WFO,,,,
6/13/23,8:00,18:00,60,540,work,WFH,,,,
6/14/23,8:00,18:00,60,540,work,WFH,,,,
6/15/23,8:00,18:00,60,540,work,WFO,,,,
6/16/23,8:00,14:00,60,300,work,WFO,,,,
6/19/23,8:00,18:00,60,540,work,WFO,,,,
6/20/23,8:00,19:00,60,600,work,WFH,,,,
6/21/23,8:00,18:00,60,540,work,WFH,,,,
6/22/23,8:00,18:00,60,540,work,WFH,,,,
6/23/23,8:00,18:00,60,540,work,WFH,,,,
6/26/23,8:00,18:00,60,540,work,WFH,,,,
6/27/23,8:00,18:00,60,540,work,WFH,,,,
6/28/23,8:00,18:00,60,540,work,WFH,,,,
6/29/23,8:00,18:00,60,540,work,WFO,,,,
6/30/23,7:00,18:00,60,600,work,WFO,,,,
7/3/23,8:00,18:00,60,540,work,WFO,,,,
7/4/23,8:00,18:00,60,540,work,WFH,,,,
7/5/23,8:00,18:00,60,540,work,WFH,,,,
7/6/23,7:30,18:00,60,570,work,WFO,,,,
7/7/23,9:00,18:00,60,480,work,WFO,,,,
7/10/23,9:00,18:00,60,480,work,WFO,,,,
7/11/23,9:00,18:00,60,480,sick,AW,,,,
7/12/23,7:45,18:00,60,555,sick,AW,,,,
7/13/23,8:00,18:00,60,540,work,WFH,,,,
7/14/23,8:00,13:30,60,270,work,WFH,,,,
7/17/23,8:00,18:00,60,540,work,WFH,,,,
7/18/23,7:45,18:00,60,555,work,WFH,,,,
7/19/23,7:45,18:00,60,555,work,WFH,,,,
7/20/23,8:00,18:00,60,540,work,WFH,,,,
7/21/23,7:00,17:00,60,540,work,WFH,,,,
7/24/23,8:00,18:00,60,540,work,WFH,,,,
7/25/23,7:00,18:00,60,600,work,WFH,,,,
7/26/23,8:00,18:00,60,540,work,WFH,,,,
7/27/23,8:00,18:00,60,540,work,WFH,,,,
7/28/23,8:00,18:00,60,540,work,WFH,,,,
7/31/23,8:00,18:15,60,555,work,WFH,,,,
8/1/23,8:00,18:00,60,540,work,WFH,,,,
8/2/23,8:00,18:00,60,540,work,WFH,,,,
8/3/23,8:00,18:00,60,540,work,WFH,,,,
8/4/23,8:00,18:00,60,540,work,WFH,,,,
8/7/23,9:00,18:00,60,480,work,WFH,,,,
8/8/23,9:00,18:00,60,480,vacation,AW,,,,
8/9/23,9:00,18:00,60,480,vacation,AW,,,,
8/10/23,9:00,18:00,60,480,vacation,AW,,,,
8/11/23,9:00,18:00,60,480,vacation,AW,,,,
8/14/23,9:00,18:00,60,480,vacation,AW,,,,
8/15/23,9:00,18:00,60,480,vacation,AW,,,,
8/16/23,9:00,18:00,60,480,vacation,AW,,,,
8/17/23,9:00,18:00,60,480,vacation,AW,,,,
8/18/23,9:00,18:00,60,480,vacation,AW,,,,
8/21/23,9:00,18:00,60,480,vacation,AW,,,,
8/22/23,9:00,18:00,60,480,vacation,AW,,,,
8/23/23,9:00,18:00,60,480,vacation,AW,,,,
8/24/23,9:00,18:00,60,480,vacation,AW,,,,
8/25/23,9:00,18:00,60,480,vacation,AW,,,,
8/28/23,9:00,18:00,60,480,vacation,AW,,,,
8/29/23,9:00,18:00,60,480,vacation,AW,,,,
8/30/23,9:00,18:00,60,480,vacation,AW,,,,
8/31/23,9:00,18:00,60,480,vacation,AW,,,,
9/1/23,9:00,18:00,60,480,vacation,AW,,,,
9/4/23,8:00,18:00,60,540,vacation,AW,,,,
9/5/23,8:00,18:00,60,540,work,WFH,,,,
9/6/23,8:00,18:00,60,540,work,WFH,,,,
9/7/23,8:00,18:00,60,540,work,WFO,,,,
9/8/23,8:00,18:00,60,540,work,WFO,,,,
9/11/23,8:00,18:00,60,540,work,WFH,,,,
9/12/23,8:00,18:00,60,540,work,WFH,,,,
9/13/23,8:00,18:00,60,540,work,WFH,,,,
9/14/23,8:00,18:00,60,540,work,WFO,,,,
9/15/23,8:00,18:00,60,540,work,WFO,,,,
9/18/23,7:30,18:00,60,570,work,WFH,,,,
9/19/23,8:00,18:00,60,540,work,WFO,,,,
9/20/23,12:00,18:00,60,300,work,WFO,,,,
9/21/23,7:00,18:00,60,600,work,WFH,,,,
9/22/23,8:00,18:00,60,540,work,WFH,,,,
9/25/23,8:00,18:00,60,540,work,WFH,,,,
9/26/23,7:00,20:00,60,720,work,WFH,,,,
9/27/23,7:00,18:00,60,600,work,WFH,,,,
9/28/23,8:00,18:00,60,540,work,WFO,,,,
9/29/23,8:00,17:00,60,480,work,WFO,,,,
10/2/23,8:00,18:00,60,540,work,WFH,,,,
10/3/23,9:00,18:00,60,480,work,WFH,,,,
10/4/23,9:00,18:00,60,480,holiday,AW,,,,
10/5/23,8:00,22:30,60,810,sick,AW,,,,
10/6/23,8:00,18:00,60,540,work,WFH,,,,
10/9/23,8:00,18:00,60,540,work,WFH,,,,
10/10/23,8:00,18:00,60,540,work,WFH,,,,
10/11/23,7:00,18:00,60,600,work,WFO,,,,
10/12/23,9:00,18:00,60,480,work,WFH,,,,
10/13/23,8:00,18:00,60,540,vacation,AW,,,,
10/16/23,8:00,18:00,60,540,work,WFH,,,,
10/17/23,7:30,18:00,60,570,work,WFH,,,,
10/18/23,8:00,18:00,60,540,work,WFO,,,,
10/19/23,7:30,18:00,60,570,work,WFH,,,,
10/20/23,7:30,18:00,60,570,work,WFO,,,,
10/23/23,8:00,18:00,60,540,work,WFH,,,,
10/24/23,8:00,20:00,60,660,work,WFH,,,,
10/25/23,8:00,18:00,60,540,work,WFO,,,,
10/26/23,8:00,21:00,60,720,work,WFO,,,,
10/27/23,8:00,18:00,60,540,work,WFO,,,,
10/30/23,7:00,18:00,60,600,work,WFH,,,,
10/31/23,8:00,18:00,60,540,work,WFH,,,,
11/1/23,8:00,18:00,60,540,work,WFH,,,,
11/2/23,8:00,18:00,60,540,work,WFO,,,,
11/3/23,8:00,18:00,60,540,work,WFO,,,,
11/6/23,8:00,18:00,60,540,work,WFH,,,,
11/7/23,8:00,18:00,60,540,work,WFH,,,,
11/8/23,8:00,18:00,60,540,work,WFO,,,,
11/9/23,8:00,18:30,60,570,work,WFH,,,,
11/10/23,8:00,18:00,60,540,work,WFO,,,,
11/13/23,8:00,19:00,60,600,work,WFH,,,,
11/14/23,8:00,18:00,60,540,work,WFH,,,,
11/15/23,8:00,18:00,60,540,work,WFH,,,,
11/16/23,8:00,18:00,60,540,work,WFO,,,,
11/17/23,6:30,16:00,60,510,work,WFO,,,,
11/20/23,8:00,18:00,60,540,work,WFO,,,,
11/21/23,8:00,18:00,60,540,work,WFH,,,,
11/22/23,8:00,19:00,60,600,work,WFH,,,,
11/23/23,8:00,18:00,60,540,work,WFO,,,,
11/24/23,8:00,18:00,60,540,work,WFO,,,,
11/27/23,8:00,18:00,60,540,work,WFH,,,,
11/28/23,8:00,18:00,60,540,work,WFO,,,,
11/29/23,8:00,19:00,60,600,work,WFO,,,,
11/30/23,8:00,19:00,60,600,work,WFO,,,,
12/1/23,9:00,18:00,60,480,work,WFO,,,,
12/4/23,9:00,18:00,60,480,vacation,AW,,,,
12/5/23,8:00,18:00,60,540,vacation,AW,,,,
12/6/23,8:00,19:00,60,600,work,WFO,,,,
12/7/23,8:00,18:00,60,540,work,WFO,,,,
12/8/23,8:00,18:00,60,540,work,WFO,,,,
12/11/23,8:00,18:00,60,540,work,WFH,,,,
12/12/23,8:00,18:45,60,585,work,WFH,,,,
12/13/23,8:00,18:00,60,540,work,WFH,,,,
12/14/23,8:00,18:30,60,570,work,WFO,,,,
12/15/23,8:00,18:00,60,540,work,WFO,,,,
12/18/23,8:00,23:00,60,840,work,WFH,,,,
12/19/23,8:00,20:00,60,660,work,WFH,,,,
12/20/23,8:00,18:30,60,570,work,WFH,,,,
12/21/23,8:00,14:00,60,300,work,WFH,,,,
12/22/23,9:00,18:00,60,480,work,WFH,,,,
12/25/23,9:00,18:00,60,480,vacation,AW,,,,
12/26/23,9:00,18:00,60,480,holiday,AW,,,,
12/27/23,8:00,21:00,60,720,holiday,AW,,,,
12/28/23,9:00,18:00,60,480,work,WFH,,,,
12/29/23,8:00,18:00,60,540,vacation,AW,,,,
1/1/24,9:00,18:00,60,480,work,WFH,,,,
1/2/24,8:00,18:00,60,540,holiday,AW,,,,
1/3/24,8:00,0:00,60,900,work,WFH,,,,
1/4/24,8:00,19:30,60,630,work,WFH,,,,
1/5/24,8:00,18:00,60,540,work,WFH,,,,
1/8/24,8:00,18:00,60,540,work,WFH,,,,
1/9/24,8:00,18:00,60,540,work,WFH,,,,
1/10/24,8:00,18:30,60,570,work,WFH,,,,
1/11/24,8:00,18:00,60,540,work,WFH,,,,
1/12/24,8:00,18:00,60,540,work,WFH,,,,
1/15/24,8:00,20:00,60,660,work,WFH,,,,
1/16/24,8:00,21:00,60,720,work,WFH,,,,
1/17/24,8:00,18:00,60,540,work,WFH,,,,
1/18/24,8:00,18:00,60,540,work,WFO,,,,
1/19/24,8:00,18:00,60,540,work,WFO,,,,
1/22/24,8:00,18:00,60,540,work,WFH,,,,
1/23/24,8:00,20:00,60,660,work,WFH,,,,
1/24/24,7:00,20:00,60,720,work,WFO,,,,
1/25/24,8:00,20:00,60,660,work,WFO,,,,
1/26/24,8:00,18:00,60,540,work,WFO,,,,
1/29/24,8:00,23:30,60,870,work,WFH,,,,
1/30/24,8:00,22:00,60,780,work,WFH,,,,
1/31/24,8:00,21:00,60,720,work,WFH,,,,
2/1/24,8:00,22:00,60,780,work,WFH,,,,
2/2/24,8:00,18:00,60,540,work,WFH,,,,
2/5/24,8:00,18:00,60,540,work,WFH,,,,
2/6/24,8:00,20:00,60,660,work,WFH,,,,
2/7/24,8:00,19:00,60,600,work,WFO,,,,
2/8/24,8:00,19:00,60,600,work,WFO,,,,
2/9/24,8:00,18:00,60,540,work,WFO,,,,
2/12/24,8:00,18:00,60,540,work,WFH,,,,
2/13/24,8:00,18:00,60,540,work,WFH,,,,
2/14/24,7:00,18:00,60,600,work,WFH,,,,
2/15/24,8:00,18:00,60,540,work,WFO,,,,
2/16/24,8:00,18:00,60,540,work,WFO,,,,
2/19/24,8:00,20:00,60,660,work,WFH,,,,
2/20/24,8:00,18:00,60,540,work,WFH,,,,
2/21/24,8:00,22:00,60,780,work,WFO,,,,
2/22/24,8:00,18:00,60,540,work,WFO,,,,
2/23/24,8:00,18:00,60,540,work,WFO,,,,
2/26/24,8:00,18:00,60,540,work,WFH,,,,
2/27/24,8:00,18:00,60,540,work,WFO,,,,
2/28/24,8:00,0:00,60,900,work,WFH,,,,
2/29/24,8:00,20:00,60,660,work,WFO,,,,
3/1/24,8:00,19:30,60,630,work,WFO,,,,
3/4/24,8:00,18:00,60,540,work,WFH,,,,
3/5/24,8:00,18:30,60,570,work,WFH,,,,
3/6/24,8:00,18:00,60,540,work,WFH,,,,
3/7/24,8:00,18:00,60,540,work,WFO,,,,
3/8/24,9:00,18:00,60,480,work,WFO,,,,
3/11/24,8:00,18:00,60,540,holiday,AW,,,,
3/12/24,8:00,18:00,60,540,work,WFO,,,,
3/13/24,8:00,22:00,60,780,work,WFO,,,,
3/14/24,8:00,23:00,60,840,work,WFO,,,,
3/15/24,8:00,18:00,60,540,work,WFH,,,,
3/18/24,9:00,18:00,60,480,work,WFH,,,,
3/19/24,8:00,18:00,60,540,sick,AW,,,,
3/20/24,8:00,18:00,60,540,work,WFH,,,,
3/21/24,7:00,18:00,60,600,work,WFH,,,,
3/22/24,9:00,18:00,60,480,work,WFH,,,,
3/25/24,9:00,18:00,60,480,vacation,AW,,,,
3/26/24,9:00,18:00,60,480,vacation,AW,,,,
3/27/24,9:00,18:00,60,480,vacation,AW,,,,
3/28/24,9:00,18:00,60,480,vacation,AW,,,,
3/29/24,9:00,18:00,60,480,vacation,AW,,,,
4/1/24,9:00,18:00,60,480,holiday,AW,,,,
4/2/24,8:00,18:00,60,540,holiday,AW,,,,
4/3/24,7:00,18:00,60,600,work,WFH,,,,
4/4/24,7:00,18:00,60,600,work,WFO,,,,
4/5/24,7:00,18:00,60,600,work,WFO,,,,
4/8/24,8:00,18:00,60,540,work,WFH,,,,
4/9/24,8:00,20:00,60,660,work,WFH,,,,
4/10/24,8:00,18:00,60,540,work,WFH,,,,
4/11/24,8:00,20:00,60,660,work,WFO,,,,
4/12/24,8:00,18:00,60,540,work,WFH,,,,
4/15/24,8:00,18:30,60,570,work,WFH,,,,
4/16/24,8:00,18:00,60,540,work,WFO,,,,
4/17/24,8:00,19:00,60,600,work,WFH,,,,
4/18/24,8:00,19:00,60,600,work,WFO,,,,
4/19/24,7:30,20:30,60,720,work,WFO,,,,
4/22/24,8:00,19:30,60,630,work,WFH,,,,
4/23/24,8:00,19:00,60,600,work,WFH,,,,
4/24/24,8:00,18:00,60,540,work,WFH,,,,
4/25/24,8:00,18:00,60,540,work,WFO,,,,
4/26/24,8:00,18:00,60,540,work,WFO,,,,
4/29/24,8:00,18:00,60,540,work,WFH,,,,
4/30/24,8:00,18:00,60,540,work,WFH,,,,
5/1/24,9:00,18:00,60,480,work,WFH,,,,
5/2/24,8:00,19:00,60,600,holiday,AW,,,,
5/3/24,8:00,21:00,60,720,work,WFO,,,,
5/6/24,8:00,18:00,60,540,work,WFH,,,,
5/7/24,8:00,19:00,60,600,work,WFH,,,,
5/8/24,8:00,20:00,60,660,work,WFO,,,,
5/9/24,9:00,18:00,60,480,work,WFH,,,,
5/10/24,8:00,19:00,60,600,holiday,AW,,,,
5/13/24,8:00,20:00,60,660,work,WFH,,,,
5/14/24,8:00,20:00,60,660,work,WFH,,,,
5/15/24,8:00,18:00,60,540,work,WFH,,,,
5/16/24,8:00,18:00,60,540,work,WFO,,,,
5/17/24,8:00,18:00,60,540,work,WFO,,,,
5/20/24,9:00,18:00,60,480,work,WFH,,,,
5/21/24,8:00,18:00,60,540,holiday,AW,,,,
5/22/24,8:00,18:00,60,540,work,WFH,,,,
5/23/24,8:00,18:00,60,540,work,WFH,,,,
5/24/24,8:00,18:00,60,540,work,WFH,,,,
5/27/24,8:00,19:30,60,630,work,WFH,,,,
5/28/24,8:00,19:30,60,630,work,WFH,,,,
5/29/24,8:00,18:30,60,570,work,WFH,,,,
5/30/24,8:00,18:00,60,540,work,WFO,,,,
5/31/24,8:00,20:00,60,660,work,WFO,,,,
6/3/24,8:00,20:00,60,660,work,WFH,,,,
6/4/24,8:00,0:00,60,900,work,WFH,,,,
6/5/24,8:00,18:00,60,540,work,WFH,,,,
6/6/24,8:00,18:00,60,540,work,WFO,,,,
6/7/24,8:00,18:00,60,540,work,WFO,,,,
6/10/24,8:00,19:30,60,630,work,WFH,,,,
6/11/24,12:00,18:00,60,300,work,WFH,,,,
6/12/24,8:00,21:00,60,720,work,WFO,,,,
6/13/24,8:00,18:00,60,540,work,WFO,,,,
6/14/24,8:00,17:00,60,480,work,WFO,,,,
6/17/24,8:00,18:00,60,540,work,WFH,,,,
6/18/24,8:00,18:00,60,540,work,WFH,,,,
6/19/24,8:00,18:00,60,540,work,WFH,,,,
6/20/24,8:00,18:00,60,540,work,WFO,,,,
6/21/24,9:00,18:00,60,480,work,WFO,,,,
6/24/24,9:00,18:00,60,480,work,WFH,,,,
6/25/24,8:00,18:00,60,540,work,WFH,,,,
6/26/24,7:30,18:00,60,570,work,WFO,,,,
6/27/24,8:00,18:00,60,540,work,WFO,,,,
6/28/24,9:00,18:00,60,480,work,WFO,,,,
7/1/24,8:00,18:00,60,540,work,WFH,,,,
7/2/24,8:00,18:00,60,540,work,WFH,,,,
7/3/24,8:00,18:00,60,540,work,WFO,,,,
7/4/24,8:00,18:00,60,540,work,WFO,,,,
7/5/24,8:00,18:00,60,540,work,WFO,,,,
7/8/24,8:00,18:00,60,540,work,WFH,,,,
7/9/24,8:00,18:00,60,540,work,WFO,,,,
7/10/24,8:00,18:00,60,540,work,WFO,,,,
7/11/24,8:00,18:00,60,540,work,WFO,,,,
7/12/24,8:00,18:00,60,540,work,WFO,,,,
7/15/24,8:00,18:00,60,540,work,WFO,,,,
7/16/24,8:00,18:00,60,540,work,WFO,,,,
7/17/24,8:00,18:00,60,540,work,WFO,,,,
7/18/24,8:00,18:00,60,540,work,WFO,,,,
7/19/24,9:00,18:00,60,480,work,WFH,,,,
7/22/24,8:00,18:00,60,540,work,WFH,,,,
7/23/24,8:00,18:00,60,540,work,WFO,,,,
7/24/24,8:00,21:00,60,720,work,WFO,,,,
7/25/24,8:00,18:00,60,540,work,WFO,,,,
7/26/24,8:00,18:00,60,540,work,WFH,,,,
7/29/24,8:00,18:00,60,540,work,WFH,,,,
7/30/24,8:00,18:00,60,540,work,WFO,,,,
7/31/24,8:00,18:00,60,540,work,WFO,,,,
8/1/24,8:00,18:00,60,540,work,WFO,,,,
8/2/24,8:00,18:00,60,540,work,WFH,,,,
8/5/24,8:00,18:00,60,540,work,WFH,,,,
8/6/24,8:00,18:00,60,540,work,WFO,,,,
8/7/24,8:00,18:00,60,540,work,WFO,,,,
8/8/24,8:00,18:00,60,540,work,WFO,,,,
8/9/24,8:00,18:00,60,540,work,WFH,,,,
8/12/24,8:00,18:00,60,540,work,WFH,,,,
8/13/24,8:00,18:00,60,540,work,WFO,,,,
8/14/24,8:00,18:00,60,540,work,WFO,,,,
8/15/24,8:00,18:00,60,540,work,WFO,,,,
8/16/24,8:00,18:00,60,540,work,WFH,,,,
8/19/24,8:00,18:00,60,540,work,WFH,,,,
8/20/24,8:00,18:00,60,540,work,WFO,,,,
8/21/24,8:00,18:00,60,540,work,WFO,,,,
8/22/24,8:00,18:00,60,540,work,WFO,,,,
8/23/24,8:00,18:00,60,540,work,WFH,,,,
8/26/24,9:00,18:00,60,480,work,WFH,,,,
8/27/24,9:00,18:00,60,480,work,WFO,,,,
8/28/24,9:00,18:00,60,480,work,WFO,,,,
8/29/24,9:00,18:00,60,480,work,WFO,,,,
8/30/24,9:00,18:00,60,480,work,WFH,,,,
9/2/24,8:00,18:00,60,540,work,WFH,,,,
9/3/24,8:00,18:00,60,540,work,WFO,,,,
9/4/24,8:00,18:00,60,540,work,WFO,,,,
9/5/24,8:00,18:00,60,540,work,WFO,,,,
9/6/24,8:00,18:00,60,540,work,WFH,,,,
9/9/24,8:00,18:00,60,540,work,WFO,,,,
9/10/24,8:00,18:00,60,540,work,WFO,,,,
9/11/24,8:00,18:00,60,540,work,WFO,,,,
9/12/24,8:00,18:00,60,540,work,WFO,,,,
9/13/24,8:00,18:00,60,540,work,WFO,,,,
9/16/24,8:00,18:00,60,540,work,WFH,,,,
9/17/24,8:00,18:00,60,540,work,WFO,,,,
9/18/24,8:00,18:00,60,540,work,WFO,,,,
9/19/24,8:00,18:00,60,540,work,WFO,,,,
9/20/24,8:00,18:00,60,540,work,WFH,,,,
9/23/24,8:00,18:00,60,540,work,WFH,,,,
9/24/24,8:00,18:00,60,540,work,WFO,,,,
9/25/24,8:00,18:00,60,540,work,WFO,,,,
9/26/24,8:00,18:00,60,540,work,WFO,,,,
9/27/24,8:00,18:00,60,540,work,WFH,,,,
9/30/24,8:00,18:00,60,540,work,WFH,,,,
10/1/24,8:00,18:00,60,540,work,WFO,,,,
10/2/24,8:00,18:00,60,540,work,WFO,,,,
10/3/24,9:00,18:00,60,480,holiday,AW,,,,
10/4/24,8:00,18:00,60,540,work,WFH,,,,
10/7/24,8:00,18:00,60,540,work,WFH,,,,
10/8/24,8:00,18:00,60,540,work,WFO,,,,
10/9/24,8:00,18:00,60,540,work,WFO,,,,
10/10/24,8:00,18:00,60,540,work,WFO,,,,
10/11/24,8:00,18:00,60,540,work,WFH,,,,
10/14/24,8:00,18:00,60,540,work,WFH,,,,
10/15/24,8:00,18:00,60,540,work,WFO,,,,
10/16/24,8:00,18:00,60,540,work,WFO,,,,
10/17/24,8:00,18:00,60,540,work,WFO,,,,
10/18/24,8:00,18:00,60,540,work,WFH,,,,
10/21/24,8:00,21:00,60,720,work,WFH,,,,
10/22/24,8:00,18:00,60,540,work,WFO,,,,
10/23/24,8:00,18:00,60,540,work,WFO,,,,
10/24/24,8:00,18:00,60,540,work,WFO,,,,
10/25/24,8:00,18:00,60,540,work,WFH,,,,
10/28/24,8:00,18:00,60,540,work,WFH,,,,
10/29/24,8:00,18:00,60,540,work,WFO,,,,
10/30/24,8:00,18:00,60,540,work,WFO,,,,
10/31/24,8:00,18:00,60,540,work,WFO,,,,
11/1/24,8:00,18:00,60,540,work,WFH,,,,
11/4/24,8:00,18:00,60,540,work,WFH,,,,
11/5/24,8:00,18:00,60,540,work,WFH,,,,
11/6/24,8:00,18:00,60,540,work,WFH,,,,
11/7/24,8:00,18:00,60,540,work,WFH,,,,
11/8/24,8:00,18:00,60,540,work,WFH,,,,
11/11/24,8:00,18:00,60,540,work,WFH,,,,
11/12/24,8:00,18:00,60,540,work,WFH,,,,
11/13/24,8:00,18:00,60,540,work,WFO,,,,
11/14/24,8:00,18:00,60,540,work,WFO,,,,
11/15/24,8:00,18:00,60,540,work,WFO,,,,
11/18/24,8:00,18:00,60,540,work,WFH,,,,
11/19/24,8:00,18:00,60,540,work,WFH,,,,
11/20/24,8:00,18:00,60,540,work,WFH,,,,
11/21/24,8:00,18:00,60,540,work,WFH,,,,
11/22/24,8:00,18:00,60,540,work,WFH,,,,
11/25/24,8:00,18:00,60,540,work,WFH,,,,
11/26/24,8:00,18:00,60,540,work,WFH,,,,
11/27/24,8:00,18:00,60,540,work,WFH,,,,
11/28/24,8:00,18:00,60,540,work,WFH,,,,
11/29/24,8:00,18:00,60,540,work,WFH,,,,
12/2/24,9:00,18:00,60,480,vacation,AW,,,,
12/3/24,9:00,18:00,60,480,vacation,AW,,,,
12/4/24,9:00,18:00,60,480,vacation,AW,,,,
12/5/24,9:00,18:00,60,480,vacation,AW,,,,
12/6/24,9:00,18:00,60,480,vacation,AW,,,,
12/9/24,9:00,18:00,60,480,vacation,AW,,,,
12/10/24,9:00,18:00,60,480,vacation,AW,,,,
12/11/24,9:00,18:00,60,480,vacation,AW,,,,
12/12/24,9:00,18:00,60,480,vacation,AW,,,,
12/13/24,9:00,18:00,60,480,vacation,AW,,,,
12/16/24,9:00,18:00,60,480,vacation,AW,,,,
12/17/24,9:00,18:00,60,480,vacation,AW,,,,
12/18/24,9:00,18:00,60,480,vacation,AW,,,,
12/19/24,9:00,18:00,60,480,vacation,AW,,,,
12/20/24,9:00,18:00,60,480,vacation,AW,,,,
12/23/24,9:00,18:00,60,480,vacation,AW,,,,
12/24/24,9:00,18:00,60,480,work,WFH,,,,
12/25/24,9:00,18:00,60,480,holiday,AW,,,,
12/26/24,9:00,18:00,60,480,holiday,AW,,,,
12/27/24,9:00,18:00,60,480,vacation,AW,,,,
12/30/24,9:00,18:00,60,480,vacation,AW,,,,
12/31/24,9:00,18:00,60,480,work,WFH,,,,
1/1/25,9:00,18:00,60,480,holiday,AW,,,,
1/2/25,7:00,18:00,60,600,work,WFH,,,,
1/3/25,7:00,18:00,60,600,work,WFH,,,,
1/6/25,7:00,18:00,60,600,work,WFH,,,,
1/7/25,7:00,18:00,60,600,work,WFH,,,,
1/8/25,7:00,18:00,60,600,work,WFH,,,,
1/9/25,7:00,18:00,60,600,work,WFH,,,,
1/10/25,7:00,18:00,60,600,work,WFH,,,,
1/13/25,7:00,18:00,60,600,work,WFH,,,,
1/14/25,7:00,18:00,60,600,work,WFH,,,,
1/15/25,7:00,18:00,60,600,work,WFH,,,,
1/16/25,7:00,18:00,60,600,work,WFH,,,,
1/17/25,7:00,18:00,60,600,work,WFH,,,,
1/20/25,6:00,18:00,60,660,work,WFH,,,,
1/21/25,6:00,18:00,60,660,work,WFH,,,,
1/22/25,6:00,18:00,60,660,work,WFH,,,,
1/23/25,6:00,18:00,60,660,work,WFH,,,,
1/24/25,6:00,15:00,60,480,work,WFH,,,,
1/27/25,6:00,16:30,60,570,work,WFH,,,,
1/28/25,6:00,16:00,60,540,work,WFH,,,,
1/29/25,6:00,18:00,60,660,work,WFH,,,,
1/30/25,6:00,18:00,60,660,work,WFH,,,,
1/31/25,6:00,15:00,60,480,work,WFH,,,,
2/3/25,6:00,18:00,60,660,work,WFH,,,,
2/4/25,9:00,18:00,60,480,sick,AW,,,,
2/5/25,8:00,18:00,60,540,work,WFO,,,,
2/6/25,8:00,18:00,60,540,work,WFH,,,,
2/7/25,8:00,18:00,60,540,work,WFH,,,,
2/10/25,7:00,18:00,60,600,work,WFH,,,,
2/11/25,8:00,18:00,60,540,work,WFO,,,,
2/12/25,8:00,18:00,60,540,work,WFO,,,,
2/13/25,8:00,18:00,60,540,work,WFO,,,,
2/14/25,8:00,18:00,60,540,work,WFO,,,,
2/17/25,9:00,18:00,60,480,vacation,AW,,,,
2/18/25,8:00,18:00,60,540,work,WFO,,,,
2/19/25,8:00,18:00,60,540,work,WFO,,,,
2/20/25,8:00,18:00,60,540,work,WFO,,,,
2/21/25,8:00,18:00,60,540,work,WFH,,,,
2/24/25,8:00,18:00,60,540,work,WFH,,,,
2/25/25,8:00,18:00,60,540,work,WFO,,,,
2/26/25,8:00,23:00,60,840,work,WFO,,,,
2/27/25,8:00,18:00,60,540,work,WFO,,,,
2/28/25,8:00,19:30,60,630,work,WFH,,,,
3/3/25,9:00,18:00,60,480,vacation,AW,,,,
3/4/25,9:00,18:00,60,480,vacation,AW,,,,
3/5/25,9:00,18:00,60,480,vacation,AW,,,,
3/6/25,9:00,18:00,60,480,vacation,AW,,,,
3/7/25,9:00,18:00,60,480,vacation,AW,,,,
3/10/25,8:00,18:00,60,540,work,WFH,,,,
3/11/25,8:00,18:00,60,540,work,WFH,,,,
3/12/25,8:00,20:00,60,660,work,WFH,,,,
3/13/25,8:00,18:00,60,540,work,WFH,,,,
3/14/25,8:00,18:00,60,540,work,WFH,,,,
3/17/25,8:00,23:00,60,840,work,WFO,,,,
3/18/25,8:00,20:00,60,660,work,WFO,,,,
3/19/25,8:00,18:00,60,540,work,WFO,,,,
3/20/25,8:00,18:00,60,540,work,WFO,,,,
3/21/25,8:00,18:00,60,540,work,WFO,,,,
3/24/25,9:00,18:00,60,480,vacation,AW,,,,
3/25/25,9:00,18:00,60,480,vacation,AW,,,,
3/26/25,9:00,18:00,60,480,vacation,AW,,,,
3/27/25,9:00,18:00,60,480,vacation,AW,,,,
3/28/25,9:00,18:00,60,480,vacation,AW,,,,
3/31/25,9:00,18:00,60,480,vacation,AW,,,,
4/1/25,8:00,19:00,60,600,work,WFO,,,,
4/2/25,8:00,18:00,60,540,work,WFO,,,,
4/3/25,8:00,18:00,60,540,work,WFO,,,,
4/4/25,8:00,19:00,60,600,work,WFH,,,,
4/7/25,8:00,20:00,60,660,work,WFH,,,,
4/8/25,8:00,18:00,60,540,work,WFO,,,,
4/9/25,8:00,18:00,60,540,work,WFO,,,,
4/10/25,8:00,18:00,60,540,work,WFO,,,,
4/11/25,9:00,18:00,60,480,sick,AW,,,,
4/14/25,8:00,18:00,60,540,work,WFH,,,,
4/15/25,8:00,22:00,60,780,work,WFH,,,,
4/16/25,8:00,19:00,60,600,work,WFH,,,,
4/17/25,8:00,18:00,60,540,work,WFH,,,,
4/18/25,9:00,18:00,60,480,holiday,AW,,,,
4/21/25,9:00,18:00,60,480,holiday,AW,,,,
4/22/25,8:00,19:00,60,600,work,WFH,,,,
4/23/25,8:00,19:00,60,600,work,WFH,,,,
4/24/25,8:00,18:00,60,540,work,WFH,,,,
4/25/25,8:00,18:00,60,540,work,WFH,,,,
4/28/25,8:00,19:00,60,600,work,WFH,,,,
4/29/25,8:00,18:00,60,540,work,WFO,,,,
4/30/25,8:00,18:00,60,540,work,WFO,,,,
5/1/25,9:00,18:00,60,480,holiday,AW,,,,
5/2/25,8:00,18:00,60,540,work,WFH,,,,
5/5/25,8:00,20:30,60,690,work,WFH,,,,
5/6/25,8:00,18:00,60,540,work,WFO,,,,
5/7/25,8:00,20:00,60,660,work,WFO,,,,
5/8/25,9:00,18:00,60,480,holiday,AW,,,,
5/9/25,8:00,18:00,60,540,work,WFO,,,,
5/12/25,8:00,19:30,60,630,work,WFH,,,,
5/13/25,8:00,18:00,60,540,work,WFO,,,,
5/14/25,8:00,20:00,60,660,work,WFO,,,,
5/15/25,8:00,20:00,60,660,work,WFO,,,,
5/16/25,8:00,18:00,60,540,work,WFH,,,,
5/19/25,8:00,18:30,60,570,work,WFH,,,,
5/20/25,8:00,20:00,60,660,work,WFH,,,,
5/21/25,8:00,18:00,60,540,work,WFO,,,,
5/22/25,8:00,18:00,60,540,work,WFO,,,,
5/23/25,8:00,18:00,60,540,work,WFH,,,,
5/26/25,8:00,18:00,60,540,work,WFH,,,,
5/27/25,8:00,19:00,60,600,work,WFO,,,,
5/28/25,8:00,20:00,60,660,work,WFO,,,,
5/29/25,9:00,18:00,60,480,holiday,AW,,,,
5/30/25,8:00,18:00,60,540,work,WFH,,,,
6/2/25,8:00,18:30,60,570,work,WFH,,,,
6/3/25,8:00,19:15,60,615,work,WFO,,,,
6/4/25,8:00,21:00,60,720,work,WFO,,,,
6/5/25,8:00,21:00,60,720,work,WFO,,,,
6/6/25,8:00,18:00,60,540,work,WFH,,,,
6/9/25,9:00,18:00,60,480,holiday,AW,,,,
6/10/25,8:00,19:00,60,600,work,WFH,,,,
6/11/25,8:00,23:00,60,840,work,WFO,,,,
6/12/25,8:00,23:00,60,840,work,WFO,,,,
6/13/25,8:00,18:30,60,570,work,WFH,,,,
6/16/25,8:00,18:00,60,540,work,WFH,,,,
6/17/25,8:00,23:00,60,840,work,WFO,,,,
6/18/25,8:00,18:30,60,570,work,WFO,,,,
6/19/25,8:00,18:30,60,570,work,WFO,,,,
6/20/25,8:00,19:30,60,630,work,WFH,,,,
6/23/25,8:00,18:00,60,540,work,WFH,,,,
6/24/25,8:00,22:00,60,780,work,WFO,,,,
6/25/25,8:00,18:00,60,540,work,WFH,,,,
6/26/25,8:00,18:00,60,540,work,WFH,,,,
6/27/25,8:00,18:00,60,540,work,WFH,,,,
6/30/25,8:00,19:00,60,600,work,WFH,,,,
7/1/25,8:00,18:00,60,540,work,WFO,,,,
7/2/25,8:00,18:00,60,540,work,WFO,,,,
7/3/25,8:00,18:00,60,540,work,WFO,,,,
7/4/25,8:00,18:00,60,540,work,WFH,,,,
7/7/25,8:00,18:00,60,540,work,WFH,,,,
7/8/25,8:00,20:00,60,660,work,WFH,,,,
7/9/25,8:00,18:00,60,540,work,WFO,,,,
7/10/25,8:00,18:00,60,540,work,WFO,,,,
7/11/25,8:00,18:00,60,540,work,WFH,,,,
7/14/25,8:00,18:00,60,540,work,WFH,,,,
7/15/25,8:00,18:00,60,540,work,WFO,,,,
7/16/25,8:00,18:00,60,540,work,WFO,,,,
7/17/25,8:00,18:00,60,540,work,WFO,,,,
7/18/25,8:00,18:00,60,540,work,WFH,,,,
7/21/25,8:00,18:00,60,540,work,WFH,,,,
7/22/25,8:00,18:00,60,540,work,WFH,,,,
7/23/25,8:00,18:00,60,540,work,WFH,,,,
7/24/25,8:00,18:00,60,540,work,WFH,,,,
7/25/25,8:00,18:00,60,540,work,WFH,,,,
7/28/25,8:00,18:00,60,540,work,WFH,,,,
7/29/25,8:00,18:00,60,540,work,WFH,,,,
7/30/25,8:00,18:00,60,540,work,WFH,,,,
7/31/25,8:00,18:00,60,540,work,WFH,,,,
8/1/25,8:00,18:00,60,540,work,WFH,,,,
8/4/25,8:00,18:00,60,540,work,WFH,,,,
8/5/25,9:00,18:00,60,480,vacation,AW,,,,
8/6/25,9:00,18:00,60,480,vacation,AW,,,,
8/7/25,9:00,18:00,60,480,vacation,AW,,,,
8/8/25,9:00,18:00,60,480,vacation,AW,,,,
8/11/25,9:00,18:00,60,480,vacation,AW,,,,
8/12/25,9:00,18:00,60,480,vacation,AW,,,,
8/13/25,8:00,18:00,60,540,work,WFO,,,,
8/14/25,8:00,18:00,60,540,work,WFO,,,,
8/15/25,8:00,18:00,60,540,work,WFH,,,,
8/18/25,8:00,18:00,60,540,work,WFH,,,,
8/19/25,8:00,18:00,60,540,work,WFH,,,,
8/20/25,8:00,18:00,60,540,work,WFO,,,,
8/21/25,8:00,18:00,60,540,work,WFO,,,,
8/22/25,8:00,18:00,60,540,work,WFH,,,,
8/25/25,8:00,18:00,60,540,work,WFH,,,,
8/26/25,8:00,18:00,60,540,work,WFH,,,,
8/27/25,8:00,18:00,60,540,work,WFO,,,,
8/28/25,8:00,18:00,60,540,work,WFO,,,,
8/29/25,8:00,18:00,60,540,work,WFH,,,,
9/1/25,8:00,18:00,60,540,work,WFH,,,,
9/2/25,8:00,18:00,60,540,work,WFH,,,,
9/3/25,8:00,18:00,60,540,work,WFO,,,,
9/4/25,8:00,18:00,60,540,work,WFO,,,,
9/5/25,8:00,18:00,60,540,work,WFH,,,,
9/8/25,9:00,18:00,60,480,vacation,AW,,,,
9/9/25,9:00,18:00,60,480,vacation,AW,,,,
9/10/25,8:00,18:00,60,540,work,WFH,,,,
9/11/25,8:00,18:00,60,540,work,WFH,,,,
9/12/25,8:00,18:00,60,540,work,WFH,,,,
9/15/25,8:00,18:00,60,540,work,WFH,,,,
9/16/25,8:00,18:00,60,540,work,WFH,,,,
9/17/25,8:00,18:00,60,540,work,WFO,,,,
9/18/25,8:00,18:00,60,540,work,WFO,,,,
9/19/25,8:00,18:00,60,540,work,WFH,,,,
9/22/25,8:00,18:00,60,540,work,WFH,,,,
9/23/25,8:00,18:00,60,540,work,WFH,,,,
9/24/25,9:00,18:00,60,480,work,WFH,,,,
9/25/25,9:00,18:00,60,480,work,WFH,,,,
9/26/25,9:00,18:00,60,480,work,WFH,,,,
9/29/25,9:00,18:00,60,480,work,WFH,,,,
9/30/25,9:00,18:00,60,480,work,WFH,,,,
10/1/25,9:00,18:00,60,480,work,WFH,,,,
10/2/25,9:00,18:00,60,480,work,WFH,,,,
10/3/25,9:00,18:00,60,480,work,WFH,,,,
10/6/25,9:00,18:00,60,480,vacation,AW,,,,
10/7/25,9:00,18:00,60,480,vacation,AW,,,,
10/8/25,9:00,18:00,60,480,vacation,AW,,,,
10/9/25,9:00,18:00,60,480,vacation,AW,,,,
10/10/25,9:00,18:00,60,480,vacation,AW,,,,
10/13/25,9:00,18:00,60,480,work,WFH,,,,
10/14/25,9:00,18:00,60,480,work,WFH,,,,
10/15/25,9:00,18:00,60,480,work,WFH,,,,
10/16/25,9:00,18:00,60,480,work,WFH,,,,
10/17/25,9:00,18:00,60,480,work,WFH,,,,
10/20/25,9:00,18:00,60,480,vacation,AW,,,,
10/21/25,9:00,18:00,60,480,vacation,AW,,,,
10/22/25,9:00,18:00,60,480,vacation,AW,,,,
10/23/25,9:00,18:00,60,480,vacation,AW,,,,
10/24/25,9:00,18:00,60,480,vacation,AW,,,,
10/27/25,9:00,18:00,60,480,work,WFH,,,,
10/28/25,9:00,18:00,60,480,work,WFH,,,,
10/29/25,9:00,18:00,60,480,work,WFH,,,,
10/30/25,9:00,18:00,60,480,work,WFH,,,,
10/31/25,9:00,18:00,60,480,work,WFH,,,,
11/3/25,9:00,18:00,60,480,vacation,AW,,,,
11/4/25,9:00,18:00,60,480,vacation,AW,,,,
11/5/25,9:00,18:00,60,480,vacation,AW,,,,
11/6/25,9:00,18:00,60,480,vacation,AW,,,,
11/7/25,9:00,18:00,60,480,vacation,AW,,,,
11/10/25,9:00,18:00,60,480,work,WFH,,,,
11/11/25,9:00,18:00,60,480,work,WFH,,,,
11/12/25,9:00,18:00,60,480,work,WFH,,,,
11/13/25,9:00,18:00,60,480,work,WFH,,,,
11/14/25,9:00,18:00,60,480,work,WFH,,,,
11/17/25,9:00,18:00,60,480,work,WFH,,,,
11/18/25,9:00,18:00,60,480,work,WFH,,,,
11/19/25,9:00,18:00,60,480,work,WFH,,,,
11/20/25,9:00,18:00,60,480,work,WFH,,,,
11/21/25,9:00,18:00,60,480,work,WFH,,,,
11/24/25,9:00,18:00,60,480,work,WFH,,,,
11/25/25,9:00,18:00,60,480,work,WFH,,,,
11/26/25,9:00,18:00,60,480,work,WFH,,,,
11/27/25,9:00,18:00,60,480,work,WFH,,,,
11/28/25,9:00,18:00,60,480,work,WFH,,,,
12/1/25,9:00,18:00,60,480,work,WFH,,,,
12/2/25,9:00,18:00,60,480,work,WFH,,,,
12/3/25,9:00,18:00,60,480,work,WFH,,,,
12/4/25,9:00,18:00,60,480,work,WFH,,,,
12/5/25,9:00,18:00,60,480,work,WFH,,,,
12/8/25,9:00,18:00,60,480,work,WFH,,,,
12/9/25,9:00,18:00,60,480,work,WFH,,,,
12/10/25,9:00,18:00,60,480,work,WFH,,,,
12/11/25,9:00,18:00,60,480,work,WFH,,,,
12/12/25,9:00,18:00,60,480,work,WFH,,,,
12/15/25,9:00,18:00,60,480,work,WFH,,,,
12/16/25,9:00,18:00,60,480,work,WFH,,,,
12/17/25,9:00,18:00,60,480,work,WFH,,,,
12/18/25,9:00,18:00,60,480,work,WFH,,,,
12/19/25,9:00,18:00,60,480,work,WFH,,,,
12/22/25,9:00,18:00,60,480,work,WFH,,,,
12/23/25,9:00,18:00,60,480,work,WFH,,,,
12/24/25,9:00,18:00,60,480,work,WFH,,,,
12/25/25,9:00,18:00,60,480,work,WFH,,,,
12/26/25,9:00,18:00,60,480,work,WFH,,,,
12/29/25,9:00,18:00,60,480,work,WFH,,,,
12/30/25,9:00,18:00,60,480,work,WFH,,,,
12/31/25,9:00,18:00,60,480,work,WFH,,,,